{
  "description": "this file is the global requirement for ModFrame, do not remove the NPM packages as they are needed!",
  "bower": {
    "dependencies": {
    }
  },
  "npm": {
    "dependencies": {
      "del": "^2.2.1",
      "gulp": "^3.9.1",
      "gulp-concat": "^2.6.0",
      "gulp-cssmin": "^0.1.7",
      "gulp-uglify": "^1.5.4",
      "rimraf": "2.2.8",
      "require-dir": "0.3.0",
      "gulp-directory-sync": "1.2.3",
      "path": "0.12.7",
      "fs": "0.0.2",
      "gulp-newer": "0.5.1",
      "mkdirp": "0.5.1",
      "gulp-if": "2.0.1",
      "chokidar": "1.7.0",
      "gulp-less": "3.3.2",
      "gulp-sass": "3.1.0",
      "gulp-filter": "5.0.1",
      "through2": "2.0.3",
      "pump": "1.0.2",
      "gulp-babel": "7.0.0",
      "babel-core": "6.26.0",
      "babel-preset-es2015": "6.24.1",
      "babel-preset-es2016": "6.24.1",
      "babel-preset-es2017": "6.24.1"
    }
  }
}
